TRUNCATE TABLE comments, checklist_items, checklists, card_members, card_labels, labels, cards, lists, boards, members RESTART IDENTITY CASCADE;

INSERT INTO members (id, name, avatar, color) VALUES
  ('00000000-0000-0000-0000-000000000001', 'Alex Johnson', 'AJ', 'hsl(210 79% 46%)'),
  ('00000000-0000-0000-0000-000000000002', 'Sarah Chen', 'SC', 'hsl(145 63% 42%)'),
  ('00000000-0000-0000-0000-000000000003', 'Mike Ross', 'MR', 'hsl(27 96% 54%)'),
  ('00000000-0000-0000-0000-000000000004', 'Emily Davis', 'ED', 'hsl(262 52% 47%)');

INSERT INTO boards (id, title, background) VALUES
  ('10000000-0000-0000-0000-000000000001', 'Project Alpha', 'linear-gradient(135deg, hsl(210 80% 40%), hsl(262 60% 50%))');

INSERT INTO lists (id, board_id, title, position, color) VALUES
  ('20000000-0000-0000-0000-000000000001', '10000000-0000-0000-0000-000000000001', 'To Do', 0, 'hsl(210 79% 46%)'),
  ('20000000-0000-0000-0000-000000000002', '10000000-0000-0000-0000-000000000001', 'In Progress', 1, 'hsl(145 63% 42%)'),
  ('20000000-0000-0000-0000-000000000003', '10000000-0000-0000-0000-000000000001', 'Review', 2, 'hsl(27 96% 54%)'),
  ('20000000-0000-0000-0000-000000000004', '10000000-0000-0000-0000-000000000001', 'Done', 3, 'hsl(262 52% 47%)');

INSERT INTO cards (id, board_id, list_id, title, description, due_date, cover_color, archived, position) VALUES
  ('30000000-0000-0000-0000-000000000001', '10000000-0000-0000-0000-000000000001', '20000000-0000-0000-0000-000000000001', 'Research competitors', 'Analyze top 5 competitors in the market', CURRENT_DATE + INTERVAL '7 days', NULL, FALSE, 0),
  ('30000000-0000-0000-0000-000000000002', '10000000-0000-0000-0000-000000000001', '20000000-0000-0000-0000-000000000001', 'Design landing page', '', NULL, 'hsl(262 52% 47%)', FALSE, 1),
  ('30000000-0000-0000-0000-000000000003', '10000000-0000-0000-0000-000000000001', '20000000-0000-0000-0000-000000000002', 'Build authentication module', 'Implement JWT-based auth', CURRENT_DATE + INTERVAL '3 days', NULL, FALSE, 0),
  ('30000000-0000-0000-0000-000000000004', '10000000-0000-0000-0000-000000000001', '20000000-0000-0000-0000-000000000003', 'API documentation', 'Document all REST endpoints', CURRENT_DATE + INTERVAL '1 days', NULL, FALSE, 0),
  ('30000000-0000-0000-0000-000000000005', '10000000-0000-0000-0000-000000000001', '20000000-0000-0000-0000-000000000004', 'Project kickoff meeting', 'Initial planning session completed', NULL, NULL, FALSE, 0);

INSERT INTO labels (id, text, color) VALUES
  ('40000000-0000-0000-0000-000000000001', 'Research', 'blue'),
  ('40000000-0000-0000-0000-000000000002', 'Design', 'purple'),
  ('40000000-0000-0000-0000-000000000003', 'Backend', 'green'),
  ('40000000-0000-0000-0000-000000000004', 'Docs', 'yellow');

INSERT INTO card_labels (card_id, label_id) VALUES
  ('30000000-0000-0000-0000-000000000001', '40000000-0000-0000-0000-000000000001'),
  ('30000000-0000-0000-0000-000000000002', '40000000-0000-0000-0000-000000000002'),
  ('30000000-0000-0000-0000-000000000003', '40000000-0000-0000-0000-000000000003'),
  ('30000000-0000-0000-0000-000000000004', '40000000-0000-0000-0000-000000000004');

INSERT INTO card_members (card_id, member_id) VALUES
  ('30000000-0000-0000-0000-000000000001', '00000000-0000-0000-0000-000000000001'),
  ('30000000-0000-0000-0000-000000000002', '00000000-0000-0000-0000-000000000002'),
  ('30000000-0000-0000-0000-000000000002', '00000000-0000-0000-0000-000000000004'),
  ('30000000-0000-0000-0000-000000000003', '00000000-0000-0000-0000-000000000001'),
  ('30000000-0000-0000-0000-000000000003', '00000000-0000-0000-0000-000000000003'),
  ('30000000-0000-0000-0000-000000000004', '00000000-0000-0000-0000-000000000004');

INSERT INTO checklists (id, card_id, board_id, title) VALUES
  ('50000000-0000-0000-0000-000000000001', '30000000-0000-0000-0000-000000000001', '10000000-0000-0000-0000-000000000001', 'Steps');

INSERT INTO checklist_items (id, checklist_id, board_id, text, completed) VALUES
  ('60000000-0000-0000-0000-000000000001', '50000000-0000-0000-0000-000000000001', '10000000-0000-0000-0000-000000000001', 'Identify competitors', TRUE),
  ('60000000-0000-0000-0000-000000000002', '50000000-0000-0000-0000-000000000001', '10000000-0000-0000-0000-000000000001', 'Analyze features', FALSE);

INSERT INTO comments (id, card_id, board_id, member_id, text) VALUES
  ('70000000-0000-0000-0000-000000000001', '30000000-0000-0000-0000-000000000003', '10000000-0000-0000-0000-000000000001', '00000000-0000-0000-0000-000000000001', 'Started working on this');
