TRUNCATE TABLE comments, checklist_items, checklists, card_members, card_labels, labels, cards, lists, boards, members RESTART IDENTITY CASCADE;

INSERT INTO members (id, name, avatar, color) VALUES
  ('00000000-0000-0000-0000-000000000001', 'Alex Johnson', 'AJ', 'hsl(210 79% 46%)'),
  ('00000000-0000-0000-0000-000000000002', 'Sarah Chen', 'SC', 'hsl(145 63% 42%)'),
  ('00000000-0000-0000-0000-000000000003', 'Mike Ross', 'MR', 'hsl(27 96% 54%)'),
  ('00000000-0000-0000-0000-000000000004', 'Emily Davis', 'ED', 'hsl(262 52% 47%)');

INSERT INTO boards (id, title, background) VALUES
  ('10000000-0000-0000-0000-000000000001', 'Project Alpha', 'linear-gradient(135deg, hsl(210 80% 40%), hsl(262 60% 50%))');

INSERT INTO lists (id, board_id, title, position, color) VALUES
  ('20000000-0000-0000-0000-000000000001', '10000000-0000-0000-0000-000000000001', 'Backlog', 0, 'hsl(210 79% 46%)'),
  ('20000000-0000-0000-0000-000000000002', '10000000-0000-0000-0000-000000000001', 'Ready', 1, 'hsl(220 25% 25%)'),
  ('20000000-0000-0000-0000-000000000003', '10000000-0000-0000-0000-000000000001', 'In Progress', 2, 'hsl(145 63% 42%)'),
  ('20000000-0000-0000-0000-000000000004', '10000000-0000-0000-0000-000000000001', 'Code Review', 3, 'hsl(27 96% 54%)'),
  ('20000000-0000-0000-0000-000000000005', '10000000-0000-0000-0000-000000000001', 'QA Testing', 4, 'hsl(45 93% 47%)'),
  ('20000000-0000-0000-0000-000000000006', '10000000-0000-0000-0000-000000000001', 'Blocked', 5, 'hsl(0 72% 51%)'),
  ('20000000-0000-0000-0000-000000000007', '10000000-0000-0000-0000-000000000001', 'Done', 6, 'hsl(262 52% 47%)');

INSERT INTO cards (id, board_id, list_id, title, description, due_date, cover_color, archived, position) VALUES
  ('30000000-0000-0000-0000-000000000001', '10000000-0000-0000-0000-000000000001', '20000000-0000-0000-0000-000000000001', 'Research competitors', 'Analyze top 5 competitors in the market', CURRENT_DATE + INTERVAL '7 days', NULL, FALSE, 0),
  ('30000000-0000-0000-0000-000000000002', '10000000-0000-0000-0000-000000000001', '20000000-0000-0000-0000-000000000001', 'Design landing page', '', NULL, 'hsl(262 52% 47%)', FALSE, 1),
  ('30000000-0000-0000-0000-000000000003', '10000000-0000-0000-0000-000000000001', '20000000-0000-0000-0000-000000000002', 'Finalize sprint scope', 'Align stories with product goals', CURRENT_DATE + INTERVAL '2 days', NULL, FALSE, 0),
  ('30000000-0000-0000-0000-000000000004', '10000000-0000-0000-0000-000000000001', '20000000-0000-0000-0000-000000000003', 'Build authentication module', 'Implement JWT-based auth', CURRENT_DATE + INTERVAL '3 days', NULL, FALSE, 0),
  ('30000000-0000-0000-0000-000000000005', '10000000-0000-0000-0000-000000000001', '20000000-0000-0000-0000-000000000004', 'API documentation', 'Document all REST endpoints', CURRENT_DATE + INTERVAL '1 days', NULL, FALSE, 0),
  ('30000000-0000-0000-0000-000000000006', '10000000-0000-0000-0000-000000000001', '20000000-0000-0000-0000-000000000005', 'Regression test checkout flow', 'Validate payment edge cases before release', CURRENT_DATE + INTERVAL '4 days', NULL, FALSE, 0),
  ('30000000-0000-0000-0000-000000000007', '10000000-0000-0000-0000-000000000001', '20000000-0000-0000-0000-000000000006', 'Await security approval', 'Blocked until SOC team signs off', NULL, 'hsl(0 72% 51%)', FALSE, 0),
  ('30000000-0000-0000-0000-000000000008', '10000000-0000-0000-0000-000000000001', '20000000-0000-0000-0000-000000000007', 'Project kickoff meeting', 'Initial planning session completed', NULL, NULL, FALSE, 0),
  ('30000000-0000-0000-0000-000000000009', '10000000-0000-0000-0000-000000000001', '20000000-0000-0000-0000-000000000002', 'Define release checklist', 'Capture go-live gates and owners', CURRENT_DATE + INTERVAL '5 days', NULL, FALSE, 1),
  ('30000000-0000-0000-0000-000000000010', '10000000-0000-0000-0000-000000000001', '20000000-0000-0000-0000-000000000003', 'Integrate audit logging', 'Track sensitive user actions for compliance', CURRENT_DATE + INTERVAL '6 days', NULL, FALSE, 1),
  ('30000000-0000-0000-0000-000000000011', '10000000-0000-0000-0000-000000000001', '20000000-0000-0000-0000-000000000004', 'Refactor payment service', 'Address review comments before merge', CURRENT_DATE + INTERVAL '2 days', NULL, FALSE, 1),
  ('30000000-0000-0000-0000-000000000012', '10000000-0000-0000-0000-000000000001', '20000000-0000-0000-0000-000000000005', 'Cross-browser smoke tests', 'Run Chrome, Edge, and Safari regression suite', CURRENT_DATE + INTERVAL '3 days', NULL, FALSE, 1),
  ('30000000-0000-0000-0000-000000000013', '10000000-0000-0000-0000-000000000001', '20000000-0000-0000-0000-000000000006', 'Third-party API rate limit increase', 'Waiting for vendor operations approval', NULL, 'hsl(0 72% 51%)', FALSE, 1),
  ('30000000-0000-0000-0000-000000000014', '10000000-0000-0000-0000-000000000001', '20000000-0000-0000-0000-000000000007', 'Set up monitoring dashboards', 'Configured uptime and latency alerts', NULL, NULL, FALSE, 1);

INSERT INTO labels (id, text, color) VALUES
  ('40000000-0000-0000-0000-000000000001', 'Research', 'blue'),
  ('40000000-0000-0000-0000-000000000002', 'Design', 'purple'),
  ('40000000-0000-0000-0000-000000000003', 'Backend', 'green'),
  ('40000000-0000-0000-0000-000000000004', 'Docs', 'yellow'),
  ('40000000-0000-0000-0000-000000000005', 'QA', 'orange'),
  ('40000000-0000-0000-0000-000000000006', 'Blocked', 'red');

INSERT INTO card_labels (card_id, label_id) VALUES
  ('30000000-0000-0000-0000-000000000001', '40000000-0000-0000-0000-000000000001'),
  ('30000000-0000-0000-0000-000000000002', '40000000-0000-0000-0000-000000000002'),
  ('30000000-0000-0000-0000-000000000003', '40000000-0000-0000-0000-000000000003'),
  ('30000000-0000-0000-0000-000000000005', '40000000-0000-0000-0000-000000000004'),
  ('30000000-0000-0000-0000-000000000006', '40000000-0000-0000-0000-000000000005'),
  ('30000000-0000-0000-0000-000000000007', '40000000-0000-0000-0000-000000000006'),
  ('30000000-0000-0000-0000-000000000009', '40000000-0000-0000-0000-000000000005'),
  ('30000000-0000-0000-0000-000000000010', '40000000-0000-0000-0000-000000000003'),
  ('30000000-0000-0000-0000-000000000011', '40000000-0000-0000-0000-000000000003'),
  ('30000000-0000-0000-0000-000000000012', '40000000-0000-0000-0000-000000000005'),
  ('30000000-0000-0000-0000-000000000013', '40000000-0000-0000-0000-000000000006'),
  ('30000000-0000-0000-0000-000000000014', '40000000-0000-0000-0000-000000000004');

INSERT INTO card_members (card_id, member_id) VALUES
  ('30000000-0000-0000-0000-000000000001', '00000000-0000-0000-0000-000000000001'),
  ('30000000-0000-0000-0000-000000000002', '00000000-0000-0000-0000-000000000002'),
  ('30000000-0000-0000-0000-000000000002', '00000000-0000-0000-0000-000000000004'),
  ('30000000-0000-0000-0000-000000000003', '00000000-0000-0000-0000-000000000001'),
  ('30000000-0000-0000-0000-000000000003', '00000000-0000-0000-0000-000000000002'),
  ('30000000-0000-0000-0000-000000000004', '00000000-0000-0000-0000-000000000001'),
  ('30000000-0000-0000-0000-000000000004', '00000000-0000-0000-0000-000000000003'),
  ('30000000-0000-0000-0000-000000000005', '00000000-0000-0000-0000-000000000004'),
  ('30000000-0000-0000-0000-000000000006', '00000000-0000-0000-0000-000000000002'),
  ('30000000-0000-0000-0000-000000000007', '00000000-0000-0000-0000-000000000003'),
  ('30000000-0000-0000-0000-000000000009', '00000000-0000-0000-0000-000000000002'),
  ('30000000-0000-0000-0000-000000000010', '00000000-0000-0000-0000-000000000003'),
  ('30000000-0000-0000-0000-000000000011', '00000000-0000-0000-0000-000000000001'),
  ('30000000-0000-0000-0000-000000000012', '00000000-0000-0000-0000-000000000004'),
  ('30000000-0000-0000-0000-000000000013', '00000000-0000-0000-0000-000000000003'),
  ('30000000-0000-0000-0000-000000000014', '00000000-0000-0000-0000-000000000001');

INSERT INTO checklists (id, card_id, board_id, title) VALUES
  ('50000000-0000-0000-0000-000000000001', '30000000-0000-0000-0000-000000000001', '10000000-0000-0000-0000-000000000001', 'Steps');

INSERT INTO checklist_items (id, checklist_id, board_id, text, completed) VALUES
  ('60000000-0000-0000-0000-000000000001', '50000000-0000-0000-0000-000000000001', '10000000-0000-0000-0000-000000000001', 'Identify competitors', TRUE),
  ('60000000-0000-0000-0000-000000000002', '50000000-0000-0000-0000-000000000001', '10000000-0000-0000-0000-000000000001', 'Analyze features', FALSE);

INSERT INTO comments (id, card_id, board_id, member_id, text) VALUES
  ('70000000-0000-0000-0000-000000000001', '30000000-0000-0000-0000-000000000004', '10000000-0000-0000-0000-000000000001', '00000000-0000-0000-0000-000000000001', 'Started working on this');
